sampleID	K102416	K102442	K102448	K102490	K102518	K102561	K102565	K102576	K102590	K102669	K102670	K102692	K104185	K104218	K104236	K104271	K104333	K104363	K104398	K104411	K104485	K104502	K104529	K104560	K104562	K104651	K104697	K104720	K104757	K104802	K104826	K104892	K104920	K104939	K104948	K104962	K104973	K104986	K105022	K105061	K105100	K105131	K105170	K105217	K105277	K105279	K105281	K105293	K105320	K105413	K105441	K105475	K105493	K105504	K105506	K105562	K105569	K105581	K105606	K105635	K105650	K105663	K105703	K105704	K105717	K105729	K105755	K105757	K105764	K105805	K105825	K105826	K105830	K105844	K105853	K105857	K105880	K105889	K105895	K105903	K105924	K106189	K106255	K106297	K106309	K106370	K106379	K106443	K106472	K106486	K106489	K106494	K106525	K106577	K106614	K106832	K106892	K107011	K107016	K107023	K107026	K107031	K107033	K107038	K107054	K107071	K107096	K107102	K107124	K107142	K107170	K107218	K107230	K107277	K107279	K107298	K107299	K107368	K107395	K107414	K107431	K107451	K107510	K107525	K107542	K107567	K107569	K107585	K107598	K107613	K107621	K107692	K107713	K107725	K107728	K107731	K107775	K107886	K107981	K108001	K108003	K108007	K108017	K108022	K108036	K108037	K108050	K108052	K108064	K108092	K108093
count_of_hotspot_mutation_hotspot_mutation_count	3.000000	0	5.000000	0	2.000000	1.000000	4.000000	0	1.000000	4.000000	4.000000	2.000000	9.000000	7.000000	0	4.000000	8.000000	1.000000	0	0	0	4.000000	6.000000	3.000000	0	12.000000	7.000000	0	3.000000	5.000000	9.000000	NA	0	3.000000	4.000000	10.000000	5.000000	15.000000	10.000000	8.000000	3.000000	13.000000	3.000000	0	2.000000	5.000000	NA	7.000000	1.000000	3.000000	NA	5.000000	1.000000	2.000000	10.000000	5.000000	1.000000	0	2.000000	1.000000	10.000000	2.000000	8.000000	2.000000	1.000000	0	4.000000	1.000000	2.000000	3.000000	2.000000	NA	3.000000	3.000000	8.000000	2.000000	NA	3.000000	2.000000	2.000000	13.000000	0	2.000000	2.000000	8.000000	5.000000	11.000000	5.000000	NA	0	4.000000	1.000000	4.000000	7.000000	NA	1.000000	0	2.000000	5.000000	2.000000	3.000000	2.000000	1.000000	1.000000	6.000000	2.000000	4.000000	2.000000	1.000000	0	NA	1.000000	1.000000	2.000000	5.000000	1.000000	1.000000	1.000000	2.000000	2.000000	2.000000	3.000000	3.000000	2.000000	1.000000	2.000000	0	3.000000	0	0	NA	4.000000	0	2.000000	1.000000	2.000000	3.000000	0	1.000000	1.000000	0	1.000000	0	1.000000	3.000000	1.000000	1.000000	1.000000	1.000000	0	2.000000
NFE2L2_hotspot_mutation_count	0	0	0	0	0	0	0	0	0	0	0	0	0	0	0	2	0	0	0	0	0	0	0	0	0	0	0	0	0	0	0	NA	0	0	0	1	1	0	0	0	0	0	0	0	0	0	NA	0	0	0	NA	0	0	0	0	0	0	0	0	0	0	0	0	0	0	0	0	0	0	0	0	NA	0	0	0	0	NA	0	0	0	0	0	0	0	0	0	0	0	NA	0	0	0	0	0	NA	0	0	0	0	0	0	0	0	0	0	0	0	0	0	0	NA	0	0	0	0	0	0	0	0	0	0	0	0	1	0	0	0	0	0	0	NA	0	0	0	0	0	0	0	0	0	0	0	0	0	0	0	0	0	0	0	0
IL7R_hotspot_mutation_count	0	0	0	0	0	0	0	0	0	0	0	0	0	0	0	0	0	0	0	0	0	0	0	0	0	0	0	0	0	0	0	NA	0	0	0	0	0	0	0	0	0	0	0	0	0	0	NA	0	0	0	NA	0	0	0	0	0	0	0	0	0	0	0	0	0	0	0	0	0	0	0	0	NA	0	0	0	0	NA	0	0	0	0	0	0	0	0	0	0	0	NA	0	0	0	0	0	NA	0	0	0	0	0	0	0	0	0	0	0	0	0	0	0	NA	0	0	0	0	0	0	0	0	0	0	0	0	0	0	0	0	0	0	0	NA	0	0	0	0	1	1	0	0	0	0	0	0	0	0	0	0	0	0	0	0
MET_hotspot_mutation_count	0	0	0	0	0	0	0	0	0	0	0	0	0	0	0	0	0	0	0	0	0	0	0	0	0	1	0	0	0	0	0	NA	0	0	0	0	0	0	0	0	0	0	0	0	0	0	NA	0	0	0	NA	0	0	0	0	0	0	0	0	0	0	0	0	0	0	0	0	0	0	0	0	NA	0	0	0	0	NA	0	0	0	0	0	0	0	0	0	0	0	NA	0	0	0	0	0	NA	0	0	0	0	0	0	0	0	0	0	0	0	0	1	0	NA	0	0	0	0	0	0	0	0	0	0	0	0	0	0	0	0	0	0	0	NA	0	0	0	0	0	0	0	0	0	0	0	0	0	0	0	0	0	0	0	0
BRAF_hotspot_mutation_count	0	0	0	0	0	0	0	0	0	0	0	0	0	0	0	0	0	0	0	0	0	0	0	0	0	0	0	0	0	0	0	NA	0	0	0	1	0	0	0	0	0	0	0	0	0	0	NA	0	0	0	NA	0	0	0	0	0	0	0	0	0	0	0	0	0	0	0	0	0	0	0	0	NA	0	0	0	0	NA	0	0	0	0	0	0	0	0	0	1	0	NA	0	0	0	1	0	NA	0	0	0	0	1	0	0	0	0	0	0	0	0	0	0	NA	0	0	0	0	0	0	0	0	0	0	0	0	0	0	0	0	0	0	0	NA	0	0	1	0	0	0	0	0	0	0	0	0	0	0	0	0	0	0	0	0
KEAP1_hotspot_mutation_count	0	0	0	0	0	0	0	0	0	0	0	0	0	0	0	0	0	0	0	0	0	0	0	0	0	1	0	0	0	0	0	NA	0	0	0	0	0	0	0	0	0	0	0	0	0	0	NA	0	0	0	NA	0	0	0	1	0	0	0	0	0	0	0	1	0	0	0	0	0	0	0	0	NA	0	0	0	0	NA	0	0	0	0	0	0	0	0	0	0	0	NA	0	0	0	0	0	NA	0	0	0	0	0	0	0	0	0	0	0	0	0	0	0	NA	0	0	1	0	0	0	0	0	0	0	0	0	0	0	0	0	0	0	0	NA	1	0	0	0	0	0	0	0	0	0	0	0	0	0	0	0	0	0	0	0
AXIN1_hotspot_mutation_count	0	0	0	0	0	0	0	0	0	0	0	0	0	0	0	0	0	0	0	0	0	0	0	0	0	0	0	0	0	0	0	NA	0	0	0	0	0	0	0	0	0	0	0	0	0	0	NA	0	0	0	NA	0	0	0	0	0	0	0	0	0	0	0	0	0	0	0	0	0	0	0	0	NA	0	0	0	0	NA	0	0	0	0	0	0	0	0	1	0	0	NA	0	0	0	0	0	NA	0	0	0	0	0	0	0	0	0	0	0	0	0	0	0	NA	0	0	0	0	0	0	0	0	0	0	0	0	0	0	0	0	0	0	0	NA	0	0	0	0	0	0	0	0	0	0	0	0	0	0	0	0	0	0	0	0
NT5C2_hotspot_mutation_count	0	0	0	0	0	0	0	0	0	0	0	0	0	0	0	0	0	0	0	0	0	0	0	0	0	0	0	0	0	0	0	NA	0	0	0	0	0	0	0	0	0	1	0	0	0	0	NA	0	0	0	NA	0	0	0	0	0	0	0	0	0	0	0	0	0	0	0	0	0	0	0	0	NA	0	0	0	0	NA	0	0	0	0	0	0	0	0	0	0	0	NA	0	0	0	0	0	NA	0	0	0	0	0	0	0	0	0	0	0	0	0	0	0	NA	0	0	0	0	0	0	0	0	0	0	0	0	0	0	0	0	0	0	0	NA	0	0	0	0	0	0	0	0	0	0	0	0	0	0	0	0	0	0	0	0
DDX3X_hotspot_mutation_count	1	0	0	0	0	0	0	0	0	0	0	0	0	0	0	0	0	0	0	0	0	0	0	0	0	0	0	0	0	0	0	NA	0	0	0	0	0	0	0	0	0	0	0	0	0	0	NA	0	0	0	NA	0	0	0	0	0	0	0	0	0	0	0	1	0	0	0	0	0	0	0	0	NA	0	0	0	0	NA	0	0	0	0	0	0	0	0	0	0	0	NA	0	0	0	0	0	NA	0	0	0	0	0	0	0	0	0	0	0	0	0	0	0	NA	0	0	0	0	0	0	0	0	0	0	0	0	0	0	0	0	0	0	0	NA	0	0	0	0	0	0	0	0	0	0	0	0	0	0	0	0	0	0	0	0
ATM_hotspot_mutation_count	0	0	0	0	0	0	0	0	0	0	0	0	0	0	0	0	0	0	0	0	0	0	0	0	0	0	0	0	0	0	0	NA	0	0	0	1	0	0	0	0	0	0	0	0	0	0	NA	0	0	0	NA	0	0	0	0	0	0	0	0	0	0	0	0	0	0	0	0	0	0	0	0	NA	0	0	0	0	NA	0	0	0	0	0	0	0	0	0	0	0	NA	0	0	0	0	1	NA	0	0	0	0	0	0	0	0	0	0	0	0	0	0	0	NA	0	0	0	0	0	0	0	0	0	0	0	0	0	0	0	0	0	0	0	NA	0	0	0	0	0	0	0	0	0	0	0	0	0	0	0	0	0	0	0	0
PTPN11_hotspot_mutation_count	0	0	0	0	0	0	0	0	0	0	0	0	0	0	0	0	0	0	0	0	0	0	0	0	0	0	0	0	0	0	0	NA	0	0	1	0	0	0	0	0	0	0	0	0	0	0	NA	0	0	0	NA	0	0	0	0	0	0	0	0	0	0	0	0	0	0	0	0	0	0	0	0	NA	0	0	0	0	NA	0	0	0	0	0	0	0	0	0	0	0	NA	0	0	0	0	0	NA	0	0	0	0	0	0	0	1	0	0	0	0	0	0	0	NA	0	0	0	0	0	0	0	0	0	0	0	0	0	0	0	0	0	0	0	NA	0	0	0	0	0	0	0	0	0	0	0	0	0	0	0	0	0	0	0	0
BCOR_hotspot_mutation_count	0	0	0	0	0	0	0	0	0	0	0	0	0	0	0	0	0	0	0	0	0	0	0	0	0	0	0	0	0	0	0	NA	0	0	0	0	0	0	0	0	0	0	0	0	0	0	NA	0	0	0	NA	0	0	0	0	0	0	0	0	0	0	0	0	0	0	0	0	0	0	0	0	NA	0	0	0	0	NA	0	0	0	1	0	0	0	0	0	0	0	NA	0	0	0	0	0	NA	0	0	0	0	0	0	0	0	0	0	0	0	0	0	0	NA	0	0	0	0	0	0	0	0	0	0	0	0	0	0	0	0	0	0	0	NA	0	0	0	0	0	0	0	0	0	0	0	0	0	0	0	0	0	0	0	0
BCORL1_hotspot_mutation_count	0	0	0	0	0	0	0	0	0	0	0	0	0	0	0	0	0	0	0	0	0	0	0	0	0	0	0	0	0	0	0	NA	0	0	0	0	0	0	0	0	0	0	0	0	0	0	NA	0	0	1	NA	0	0	0	0	0	0	0	0	0	0	0	0	0	0	0	0	0	0	0	0	NA	0	0	0	0	NA	0	0	0	1	0	0	0	0	0	0	0	NA	0	0	0	0	0	NA	0	0	0	0	0	0	0	0	0	0	0	0	0	0	0	NA	0	0	0	0	0	0	0	0	0	0	0	0	0	0	0	0	0	0	0	NA	0	0	0	0	0	0	0	0	0	0	0	0	0	0	0	0	0	0	0	0
IDH1_hotspot_mutation_count	0	0	0	0	0	0	0	0	0	0	0	0	0	0	0	0	0	0	0	0	0	0	1	0	0	0	0	0	0	0	0	NA	0	0	0	0	0	0	0	0	0	0	0	0	0	1	NA	0	0	0	NA	0	0	0	1	0	0	0	0	0	0	0	0	0	0	0	0	0	0	0	0	NA	0	0	0	0	NA	0	0	0	0	0	0	0	0	0	0	0	NA	0	0	0	0	0	NA	0	0	0	0	0	0	0	0	0	0	0	0	0	0	0	NA	0	0	0	0	0	0	0	0	0	0	0	0	0	0	0	0	0	0	0	NA	0	0	0	0	0	0	0	0	0	0	0	0	0	0	0	0	0	0	0	0
LZTR1_hotspot_mutation_count	0	0	0	0	0	0	0	0	0	0	0	0	0	0	0	0	0	1	0	0	0	0	0	0	0	0	0	0	0	0	0	NA	0	0	0	0	0	0	0	0	0	0	0	0	0	0	NA	0	0	0	NA	0	0	0	0	0	0	0	0	0	0	0	0	0	0	0	0	0	0	0	0	NA	0	0	0	0	NA	0	0	0	0	0	0	0	0	0	0	0	NA	0	0	0	0	0	NA	0	0	0	0	0	0	0	0	0	0	0	0	0	0	0	NA	0	0	0	0	0	0	0	0	0	0	0	0	0	0	0	0	0	0	0	NA	0	0	0	0	0	0	0	0	0	0	0	0	0	0	0	0	0	0	0	0
ERCC3_hotspot_mutation_count	0	0	0	0	0	0	0	0	0	0	0	0	0	0	0	0	0	0	0	0	0	0	1	0	0	0	0	0	0	0	0	NA	0	0	0	0	0	0	0	0	0	0	0	0	0	0	NA	0	0	0	NA	0	0	0	0	0	0	0	0	0	0	0	0	0	0	0	0	0	0	0	0	NA	0	0	0	0	NA	0	0	0	1	0	0	0	0	0	0	0	NA	0	0	0	0	0	NA	0	0	0	0	0	0	0	0	0	0	0	0	0	0	0	NA	0	0	0	0	0	0	0	0	0	0	0	0	0	0	0	0	0	0	0	NA	0	0	0	0	0	0	0	0	0	0	0	0	0	0	0	0	0	0	0	0
CSF3R_hotspot_mutation_count	0	0	0	0	0	0	0	0	0	0	0	0	0	0	0	0	0	0	0	0	0	0	0	0	0	0	1	0	0	0	0	NA	0	0	0	0	0	0	0	0	0	0	0	0	0	0	NA	0	0	0	NA	0	0	0	0	0	0	0	0	0	0	0	0	0	0	0	0	0	0	0	0	NA	0	0	0	0	NA	0	0	0	0	0	0	0	0	0	0	0	NA	0	0	0	0	0	NA	0	0	0	0	0	0	0	0	0	0	0	0	0	0	0	NA	0	0	0	0	0	0	0	0	0	0	0	0	0	0	0	0	0	0	0	NA	0	0	0	0	0	0	0	0	0	0	0	0	0	0	0	0	0	0	0	0
B2M_hotspot_mutation_count	0	0	0	0	0	0	0	0	0	0	0	0	1	0	0	0	0	0	0	0	0	0	0	0	0	0	0	0	0	1	1	NA	0	0	0	0	0	0	0	0	0	2	1	0	0	0	NA	1	0	0	NA	0	0	0	0	0	0	0	0	0	0	0	0	0	0	0	0	0	0	0	0	NA	0	0	0	0	NA	0	0	0	0	0	0	0	0	0	1	0	NA	0	0	0	0	0	NA	0	0	0	0	0	0	0	0	0	0	0	0	0	0	0	NA	0	0	0	0	0	0	0	0	0	0	0	0	0	0	0	0	0	0	0	NA	0	0	0	0	0	0	0	0	0	0	0	0	0	0	0	0	0	0	0	0
TSC2_hotspot_mutation_count	0	0	1	0	0	0	0	0	0	0	0	0	0	0	0	0	0	0	0	0	0	0	0	0	0	0	0	0	0	0	0	NA	0	0	0	0	0	0	1	0	0	0	0	0	0	0	NA	0	0	0	NA	0	0	0	0	0	0	0	0	0	0	0	0	0	0	0	0	0	0	0	0	NA	0	0	0	0	NA	0	0	0	0	0	0	0	0	0	0	0	NA	0	0	0	0	0	NA	0	0	0	0	0	0	0	0	0	0	0	0	0	0	0	NA	0	0	0	0	0	0	0	0	0	0	0	0	0	0	0	0	0	0	0	NA	0	0	0	0	0	0	0	0	0	0	0	0	0	0	0	0	0	0	0	0
CBLB_hotspot_mutation_count	0	0	0	0	0	0	0	0	0	0	0	0	0	0	0	0	0	0	0	0	0	0	0	0	0	0	0	0	0	0	0	NA	0	0	0	0	0	0	0	0	0	0	0	0	0	0	NA	0	0	0	NA	0	0	0	0	0	0	0	0	0	0	0	0	0	0	0	0	0	0	0	0	NA	0	0	0	0	NA	0	0	0	0	0	0	0	1	0	0	0	NA	0	0	0	0	0	NA	0	0	0	0	0	0	0	0	0	0	0	0	0	0	0	NA	0	0	0	0	0	0	0	0	0	0	0	0	0	0	0	0	0	0	0	NA	0	0	0	0	0	0	0	0	0	0	0	0	0	0	0	0	0	0	0	0
TGFBR2_hotspot_mutation_count	0	0	0	0	0	0	0	0	0	0	0	0	0	0	0	0	0	0	0	0	0	0	0	0	0	0	0	0	0	0	0	NA	0	0	0	0	0	0	0	0	0	0	0	0	0	0	NA	1	0	0	NA	0	0	0	1	0	0	0	0	0	0	0	0	0	0	0	0	0	0	0	0	NA	0	0	0	0	NA	0	0	0	0	0	0	0	0	0	1	0	NA	0	0	0	0	0	NA	0	0	0	0	0	0	0	0	0	0	0	0	0	0	0	NA	0	0	0	0	0	0	0	0	0	0	0	0	0	0	0	0	0	0	0	NA	0	0	0	0	0	0	0	0	0	0	0	0	0	0	0	0	0	0	0	0
ATP1A1_hotspot_mutation_count	0	0	0	0	0	0	0	0	0	0	0	0	0	0	0	0	0	0	0	0	0	0	0	0	0	1	0	0	0	0	0	NA	0	0	0	0	0	0	0	0	0	1	0	0	0	0	NA	0	0	0	NA	0	0	0	0	1	0	0	0	0	0	0	0	0	1	0	0	0	0	0	1	NA	1	0	0	0	NA	0	0	0	0	0	0	0	1	0	0	0	NA	0	0	0	0	0	NA	0	0	0	0	0	0	0	0	0	0	0	0	0	0	0	NA	0	0	0	0	0	0	0	0	0	0	0	0	0	0	0	0	0	0	0	NA	0	0	0	0	0	0	0	0	0	0	0	0	0	0	0	0	0	0	0	0
MAP2K1_hotspot_mutation_count	0	0	0	0	0	0	0	0	0	0	0	0	0	0	0	0	0	0	0	0	0	0	0	0	0	0	0	0	0	0	0	NA	0	0	0	0	0	0	0	0	0	0	0	0	0	0	NA	0	0	0	NA	0	0	0	0	0	0	0	0	0	0	0	0	0	0	0	0	0	0	0	0	NA	0	0	0	0	NA	0	0	0	0	0	0	0	0	0	0	0	NA	0	0	0	0	0	NA	0	0	0	0	0	0	0	0	0	0	0	0	0	0	0	NA	0	0	0	0	0	0	0	0	0	0	0	0	0	0	0	0	0	0	0	NA	0	0	0	0	0	0	0	0	0	0	1	0	0	0	0	0	0	0	0	0
RPL5_hotspot_mutation_count	1	0	0	0	0	0	0	0	0	0	0	0	0	0	0	0	0	0	0	0	0	1	0	1	0	1	0	0	1	1	0	NA	0	0	0	0	0	0	1	2	0	1	0	0	0	0	NA	0	0	0	NA	0	0	0	0	0	0	0	0	0	1	0	0	0	0	0	0	0	0	0	0	NA	0	0	0	0	NA	0	0	0	0	0	0	0	0	0	1	1	NA	0	0	0	0	0	NA	0	0	0	0	0	0	0	0	0	0	0	0	0	0	0	NA	0	0	0	1	0	0	0	0	1	0	0	0	0	0	1	0	0	0	0	NA	0	0	0	0	0	0	0	0	0	0	0	0	0	0	0	0	0	0	0	0
POLE_hotspot_mutation_count	0	0	0	0	0	0	1	0	0	0	0	0	0	0	0	0	0	0	0	0	0	0	0	0	0	0	0	0	0	0	0	NA	0	0	0	0	0	0	0	0	0	0	0	0	0	0	NA	0	0	0	NA	0	0	0	0	0	0	0	0	0	0	0	0	0	0	0	0	0	0	0	0	NA	0	0	0	0	NA	0	0	0	0	0	0	0	0	0	0	0	NA	0	0	0	0	0	NA	0	0	0	0	0	0	0	0	0	0	0	0	0	0	0	NA	0	0	0	0	0	0	0	0	0	0	0	0	0	0	0	0	0	0	0	NA	0	0	0	0	0	0	0	0	0	0	0	0	0	0	0	0	0	0	0	0
U2AF1_hotspot_mutation_count	0	0	0	0	0	0	0	0	0	0	0	0	0	0	0	0	0	0	0	0	0	0	0	0	0	0	0	0	0	0	0	NA	0	0	0	0	0	0	0	0	0	0	0	0	0	0	NA	0	0	0	NA	0	0	0	0	0	0	0	0	0	0	0	0	0	0	0	0	0	0	0	0	NA	0	0	0	0	NA	0	0	0	0	0	0	0	0	0	0	0	NA	0	0	0	0	0	NA	0	0	0	0	0	0	0	0	0	0	0	0	0	0	0	NA	0	0	0	0	0	0	0	0	0	0	0	0	0	0	0	0	0	0	0	NA	0	0	0	0	0	0	0	0	0	0	0	0	0	0	0	0	0	0	0	0
PTPRB_hotspot_mutation_count	0	0	0	0	0	0	0	0	0	0	0	0	0	0	0	0	0	0	0	0	0	0	0	0	0	0	0	0	0	0	0	NA	0	0	0	0	0	0	0	0	0	0	0	0	0	0	NA	0	0	0	NA	0	0	0	0	0	0	0	0	0	0	0	0	0	0	0	0	0	0	0	0	NA	0	0	0	0	NA	0	1	0	0	0	0	0	0	0	0	0	NA	0	0	0	0	0	NA	0	0	0	0	0	0	0	0	0	0	0	0	0	0	0	NA	0	0	0	0	0	0	0	0	0	0	0	0	0	0	0	0	0	0	0	NA	0	0	0	0	0	0	0	0	0	0	0	0	0	0	0	0	0	0	0	0
ATRX_hotspot_mutation_count	0	0	0	0	0	0	0	0	0	0	0	0	0	0	0	0	0	0	0	0	0	0	0	0	0	0	0	0	0	0	0	NA	0	0	0	0	0	0	0	0	0	0	0	0	0	0	NA	0	0	0	NA	0	0	0	0	0	0	0	0	0	0	0	0	0	0	0	0	0	0	0	0	NA	0	0	0	0	NA	0	0	0	0	0	0	0	0	0	0	0	NA	0	0	0	0	0	NA	0	0	0	0	0	0	0	0	0	0	0	0	0	0	0	NA	0	0	0	0	0	0	0	0	0	0	0	0	0	0	0	0	0	0	0	NA	0	0	0	0	0	0	0	0	0	0	0	0	0	0	0	0	0	0	0	0
JAK1_hotspot_mutation_count	0	0	0	0	0	0	0	0	0	0	0	0	0	1	0	0	0	0	0	0	0	0	0	0	0	0	0	0	0	0	0	NA	0	0	0	0	0	0	0	1	0	0	0	0	0	0	NA	1	0	0	NA	0	0	0	0	0	0	0	0	0	0	0	0	1	0	0	0	0	0	0	0	NA	0	0	0	0	NA	0	0	0	0	0	0	0	0	0	0	0	NA	0	0	0	0	0	NA	0	0	0	0	0	0	0	0	0	0	0	0	0	0	0	NA	0	0	0	0	0	0	0	0	0	0	0	0	0	0	0	0	0	0	0	NA	0	0	0	0	0	0	0	0	0	0	0	0	0	0	0	0	0	0	0	0
CASP8_hotspot_mutation_count	0	0	0	0	0	0	0	0	0	0	0	1	0	0	0	0	0	0	0	0	0	0	0	0	0	0	0	0	0	0	0	NA	0	0	0	0	0	0	0	0	0	0	0	0	0	0	NA	0	0	0	NA	0	0	0	0	0	0	0	0	0	0	0	0	0	0	0	0	0	0	0	0	NA	0	0	0	0	NA	0	0	0	0	0	0	0	0	0	0	0	NA	0	0	0	0	0	NA	0	0	0	0	0	0	0	0	0	0	0	0	0	0	0	NA	0	0	0	1	0	0	0	0	0	0	0	0	0	0	0	0	0	0	0	NA	0	0	0	0	0	0	0	0	0	0	0	0	0	0	0	0	0	0	0	0
H3F3A_hotspot_mutation_count	0	0	0	0	0	0	0	0	0	0	0	0	0	0	0	0	0	0	0	0	0	0	0	0	0	0	0	0	0	0	0	NA	0	0	0	0	0	0	0	0	0	0	0	0	0	0	NA	0	0	0	NA	0	0	0	0	0	0	0	0	0	0	0	0	0	0	0	0	0	0	0	0	NA	0	0	0	0	NA	0	0	0	1	0	0	0	0	0	0	0	NA	0	0	0	0	0	NA	0	0	0	0	0	0	0	0	0	0	0	0	0	0	0	NA	0	0	0	0	0	0	0	0	0	0	0	0	0	0	0	0	0	0	0	NA	0	0	0	0	0	0	0	0	0	0	0	0	0	0	0	0	0	0	0	0
CDH1_hotspot_mutation_count	0	0	0	0	0	0	0	0	0	0	0	0	0	0	0	0	0	0	0	0	0	0	0	0	0	0	0	0	0	0	0	NA	0	0	0	0	0	0	1	0	0	0	0	0	0	0	NA	0	0	0	NA	0	0	0	0	0	0	0	0	0	0	0	0	0	0	0	0	0	0	0	0	NA	0	0	0	0	NA	0	0	0	0	0	0	0	0	0	0	0	NA	0	0	0	0	0	NA	0	0	1	0	0	0	0	0	0	1	0	0	0	0	0	NA	0	0	0	0	0	0	0	0	0	0	0	0	0	0	0	0	0	0	0	NA	0	0	0	0	0	0	0	0	0	0	0	0	0	0	0	0	0	0	0	0
EGFR_hotspot_mutation_count	0	0	0	0	0	0	0	0	0	0	0	0	1	0	0	1	0	0	0	0	0	0	1	0	0	0	1	0	0	1	0	NA	0	0	1	0	0	0	0	0	0	0	0	0	0	3	NA	0	0	0	NA	0	0	0	0	0	0	0	0	0	0	0	0	0	0	0	1	0	0	0	0	NA	0	0	0	0	NA	0	0	1	0	0	0	0	0	0	0	0	NA	0	0	0	0	0	NA	0	0	0	0	0	0	0	0	0	0	0	0	0	0	0	NA	0	0	0	0	0	0	0	0	0	0	0	0	0	0	0	0	0	0	0	NA	0	0	0	0	0	0	0	0	0	0	0	0	0	0	0	0	0	0	0	0
PIK3CA_hotspot_mutation_count	0	0	0	0	0	0	0	0	0	0	0	0	0	0	0	0	0	0	0	0	0	0	0	0	0	0	0	0	0	0	0	NA	0	0	0	0	0	0	0	0	0	0	0	0	0	0	NA	0	0	0	NA	0	0	0	0	0	0	0	0	0	0	0	0	0	0	0	0	1	0	0	0	NA	0	0	0	0	NA	1	0	0	0	0	0	0	0	0	1	0	NA	0	0	0	0	0	NA	0	0	0	0	0	1	1	0	0	0	0	0	0	0	0	NA	0	0	0	0	0	0	0	0	0	0	0	0	0	0	0	0	0	0	0	NA	0	0	0	0	0	0	0	0	0	0	0	0	0	0	0	0	0	0	0	0
ABL1_hotspot_mutation_count	0	0	0	0	0	0	0	0	0	0	0	0	0	0	0	0	1	0	0	0	0	0	0	0	0	0	0	0	0	0	0	NA	0	0	0	0	0	0	0	0	0	0	0	0	0	0	NA	0	0	0	NA	0	0	0	0	0	0	0	0	0	1	0	0	0	0	0	0	0	0	0	0	NA	0	0	0	1	NA	0	0	0	0	0	0	0	0	0	0	0	NA	0	0	0	0	0	NA	0	0	0	0	0	0	0	0	0	0	0	0	0	0	0	NA	0	0	0	0	0	0	0	0	0	0	0	0	0	0	0	0	0	0	0	NA	0	0	0	0	0	0	0	0	0	0	0	0	0	0	0	0	0	0	0	0
PLCG1_hotspot_mutation_count	0	0	0	0	0	0	0	0	0	0	0	0	0	0	0	0	0	0	0	0	0	0	0	0	0	0	0	0	0	0	0	NA	0	0	0	0	0	0	0	0	0	0	0	0	0	0	NA	0	0	0	NA	0	0	0	0	0	0	0	0	0	0	0	0	0	0	0	0	0	0	0	0	NA	0	0	0	0	NA	0	0	0	0	0	0	0	0	0	0	1	NA	0	0	0	0	0	NA	0	0	0	0	0	0	0	0	0	0	0	0	0	0	0	NA	0	0	0	0	0	0	0	0	0	0	0	0	0	0	0	0	0	0	0	NA	0	0	0	0	0	0	0	0	0	0	0	0	0	0	0	0	0	0	0	0
CDK12_hotspot_mutation_count	0	0	0	0	0	0	0	0	0	0	0	0	1	0	0	0	0	0	0	0	0	0	0	0	0	0	0	0	0	0	0	NA	0	0	0	0	0	0	0	0	0	0	0	0	0	0	NA	0	0	0	NA	1	0	0	0	0	0	0	0	0	1	0	0	0	0	0	0	0	0	0	0	NA	0	0	0	0	NA	0	0	0	0	0	0	0	0	0	0	1	NA	0	0	0	0	0	NA	0	0	0	0	0	0	0	0	0	0	0	0	0	0	0	NA	0	0	0	0	0	0	0	0	0	0	0	0	0	0	0	0	0	0	0	NA	0	0	0	0	0	0	0	0	0	0	0	0	0	0	0	0	0	0	0	0
SPOP_hotspot_mutation_count	0	0	0	0	0	0	0	0	0	0	0	0	0	0	0	0	0	0	0	0	0	0	0	0	0	0	0	0	0	0	0	NA	0	0	0	0	1	0	0	0	0	0	0	0	0	0	NA	0	0	0	NA	0	0	0	0	0	0	0	0	0	1	0	0	0	0	0	0	0	0	0	0	NA	0	0	0	0	NA	0	0	0	0	0	1	0	0	0	0	0	NA	0	0	0	0	0	NA	0	0	0	0	0	0	0	0	0	1	0	0	1	0	0	NA	0	0	0	0	0	0	0	0	0	0	0	0	0	0	0	0	0	0	0	NA	0	0	0	0	1	0	0	0	0	0	0	0	0	0	0	0	0	0	0	0
SETBP1_hotspot_mutation_count	0	0	0	0	0	0	0	0	0	0	0	0	0	0	0	0	0	0	0	0	0	0	0	0	0	0	0	0	0	0	0	NA	0	0	0	0	0	0	0	1	0	0	0	0	0	0	NA	0	0	0	NA	0	0	0	0	0	0	0	0	0	0	0	1	0	0	0	0	0	0	0	0	NA	0	0	0	0	NA	0	0	0	0	0	0	0	1	0	0	0	NA	0	0	0	0	0	NA	0	0	0	0	0	0	0	0	0	0	0	0	0	0	0	NA	0	0	0	0	0	0	0	0	0	0	0	0	0	0	0	0	0	0	0	NA	0	0	0	0	0	0	0	0	0	0	0	0	0	0	0	0	0	0	0	0
TP53_hotspot_mutation_count	0	0	2	0	0	0	1	0	0	0	0	0	0	1	0	0	0	0	0	0	0	0	1	1	0	1	0	0	0	0	2	NA	0	0	0	1	0	0	1	1	2	0	0	0	0	0	NA	0	0	0	NA	0	1	0	0	1	0	0	0	1	0	0	1	0	0	0	0	0	0	2	1	NA	0	0	1	0	NA	0	0	0	2	0	0	1	0	0	0	0	NA	0	0	0	0	1	NA	0	0	0	1	1	0	1	0	1	2	0	0	0	0	0	NA	0	0	1	1	0	0	0	2	1	0	0	2	1	0	0	0	1	0	0	NA	1	0	1	0	0	0	0	0	0	0	0	0	0	1	0	0	0	0	0	0
BCL6_hotspot_mutation_count	0	0	0	0	0	0	0	0	0	0	0	0	0	0	0	0	0	0	0	0	0	0	0	0	0	1	0	0	0	0	0	NA	0	0	0	0	0	0	0	0	0	0	1	0	0	0	NA	0	0	0	NA	0	0	0	0	0	0	0	0	0	0	0	1	0	0	0	0	0	0	0	0	NA	0	0	0	0	NA	0	0	0	0	0	0	0	0	0	0	0	NA	0	0	0	0	0	NA	0	0	0	0	0	0	0	0	0	0	0	0	0	0	0	NA	0	0	0	0	0	0	0	0	0	0	0	0	0	0	0	0	0	0	0	NA	0	0	0	0	0	0	0	0	0	0	0	0	0	0	0	0	0	0	0	0
DICER1_hotspot_mutation_count	0	0	0	0	0	0	0	0	0	0	0	0	0	0	0	0	0	0	0	0	0	0	0	0	0	0	0	0	0	0	0	NA	0	0	0	0	0	0	0	0	0	0	0	0	0	0	NA	0	0	0	NA	0	0	0	0	0	0	0	0	0	0	0	0	0	0	0	0	0	0	0	0	NA	0	0	0	0	NA	0	0	0	0	0	0	0	0	0	0	0	NA	0	0	0	0	0	NA	0	0	0	0	0	0	0	0	0	0	0	0	0	0	0	NA	0	0	0	0	0	0	0	0	0	0	1	0	0	0	0	0	0	0	0	NA	0	0	0	0	0	0	0	0	0	0	0	0	0	0	0	0	0	0	0	0
TRRAP_hotspot_mutation_count	0	0	0	0	0	0	0	0	0	0	0	0	0	1	0	0	0	0	0	0	0	0	0	0	0	0	0	0	0	0	0	NA	0	0	0	0	0	0	0	0	0	0	0	0	0	0	NA	1	0	0	NA	0	0	0	0	0	0	0	0	0	0	0	0	0	0	0	0	0	0	0	0	NA	0	0	0	0	NA	0	0	0	0	0	0	0	0	0	0	0	NA	0	0	0	0	0	NA	0	0	0	0	0	0	0	0	0	0	0	0	0	0	0	NA	0	0	0	0	0	0	0	0	0	0	0	0	0	0	0	0	0	0	0	NA	0	0	0	0	0	0	0	0	0	0	0	0	0	0	0	0	0	0	0	0
FBXW7_hotspot_mutation_count	0	0	0	0	0	0	0	0	0	0	0	0	0	0	0	0	0	0	0	0	0	0	0	0	0	0	1	0	0	0	0	NA	0	0	0	0	0	0	0	0	0	0	0	0	0	0	NA	0	0	0	NA	0	0	0	0	0	0	0	0	0	0	0	1	0	0	0	0	0	0	0	0	NA	0	0	0	0	NA	0	0	0	0	0	0	0	0	0	0	0	NA	0	0	0	0	0	NA	0	0	0	0	0	0	0	0	0	0	0	1	0	0	0	NA	0	0	0	0	0	0	0	0	0	0	0	0	0	0	0	0	0	0	0	NA	0	0	0	0	0	0	0	0	0	0	0	0	0	0	0	0	0	0	0	0
GNA11_hotspot_mutation_count	0	0	0	0	0	0	0	0	0	0	0	0	0	0	0	0	1	0	0	0	0	0	0	0	0	0	0	0	0	0	0	NA	0	0	0	0	0	0	0	0	0	0	0	0	0	0	NA	0	0	0	NA	0	0	0	0	0	0	0	0	0	0	0	0	0	0	0	0	0	0	0	0	NA	0	0	0	0	NA	0	0	0	0	0	0	0	0	0	0	0	NA	0	0	0	0	0	NA	0	0	0	0	0	0	0	0	0	0	0	0	0	0	0	NA	0	0	0	0	0	0	0	0	0	0	0	0	0	0	0	0	0	0	0	NA	0	0	0	0	0	0	0	0	0	0	0	0	0	0	0	0	0	0	0	0
HRAS_hotspot_mutation_count	0	0	0	0	0	0	0	0	0	0	0	0	0	0	0	0	0	0	0	0	0	0	0	0	0	0	0	0	0	0	0	NA	0	0	0	0	0	0	0	0	0	0	0	0	0	0	NA	0	0	0	NA	0	0	0	0	0	0	0	0	0	0	0	1	0	0	0	0	0	0	0	0	NA	0	0	0	0	NA	0	0	0	0	0	0	0	0	0	0	0	NA	0	1	0	0	0	NA	0	0	0	0	0	0	0	0	0	0	0	0	0	0	0	NA	0	0	0	0	0	0	0	0	0	0	0	0	0	0	0	0	0	0	0	NA	0	0	0	0	0	0	0	0	0	0	0	0	0	0	0	0	0	0	0	0
RHOA_hotspot_mutation_count	0	0	0	0	0	0	0	0	0	0	0	0	0	1	0	0	0	0	0	0	0	0	0	0	0	0	0	0	0	0	0	NA	0	0	0	0	0	0	0	1	0	0	0	0	0	0	NA	0	0	0	NA	0	0	0	0	0	0	0	0	0	0	0	0	0	0	0	0	0	0	0	0	NA	0	0	0	0	NA	0	0	0	0	0	0	0	0	1	0	0	NA	0	0	0	0	1	NA	0	0	0	0	0	0	0	0	0	0	0	0	0	0	0	NA	0	0	0	0	0	0	0	0	0	0	0	0	0	0	0	0	0	0	0	NA	0	0	0	0	0	0	0	0	0	0	0	0	0	0	0	0	0	0	0	0
ERBB2_hotspot_mutation_count	0	0	0	0	0	0	0	0	0	0	0	0	0	0	0	0	0	0	0	0	0	0	0	0	0	0	0	0	0	0	0	NA	0	0	0	0	0	1	0	0	0	1	0	0	0	0	NA	0	0	0	NA	0	0	0	0	0	0	0	0	0	0	0	0	0	0	0	0	0	0	0	0	NA	0	0	0	0	NA	0	0	0	0	0	0	0	0	0	0	0	NA	0	0	0	0	0	NA	0	0	0	1	0	0	0	0	0	0	0	0	0	0	0	NA	0	0	0	0	0	0	0	0	0	0	0	0	0	0	0	0	0	0	0	NA	0	0	0	0	0	0	0	0	0	0	0	0	0	0	0	0	0	0	0	0
CARD11_hotspot_mutation_count	0	0	0	0	0	0	0	0	0	0	0	0	0	0	0	0	0	0	0	0	0	0	0	0	0	0	0	0	0	0	0	NA	0	0	0	0	0	0	0	0	0	0	0	0	0	0	NA	0	0	0	NA	0	0	0	0	0	0	0	0	0	0	0	0	0	0	0	0	0	0	0	0	NA	0	0	1	0	NA	0	0	0	0	0	0	0	0	0	0	0	NA	0	0	0	0	0	NA	0	0	0	0	0	0	0	0	0	0	0	0	0	0	0	NA	0	0	0	0	0	0	0	0	0	0	0	0	0	0	0	0	0	0	0	NA	0	0	0	0	0	0	0	0	0	0	0	0	0	0	0	0	0	0	0	0
BAP1_hotspot_mutation_count	0	0	0	0	0	0	0	0	0	0	0	1	0	0	0	0	0	0	0	0	0	0	0	0	0	0	0	0	0	0	0	NA	0	0	0	0	0	0	0	0	0	0	0	0	0	0	NA	0	0	0	NA	0	0	0	0	0	0	0	0	0	0	0	0	0	0	0	0	0	0	0	0	NA	0	0	0	0	NA	0	0	0	0	0	0	0	0	0	0	0	NA	0	0	0	0	0	NA	0	0	0	0	0	0	0	0	0	0	0	0	0	0	0	NA	0	0	0	0	0	0	0	0	0	0	0	0	0	0	0	0	0	0	0	NA	0	0	0	0	0	0	0	0	0	0	0	0	0	0	0	0	0	0	0	0
SF3B1_hotspot_mutation_count	0	0	0	0	0	0	0	0	0	0	1	0	1	0	0	0	0	0	0	0	0	0	0	0	0	0	0	0	0	0	0	NA	0	0	0	0	0	1	0	0	0	0	0	0	0	0	NA	0	0	0	NA	0	0	0	0	0	0	0	0	0	0	0	0	0	0	0	0	0	0	0	0	NA	0	0	0	0	NA	0	0	1	0	0	0	0	0	0	1	0	NA	0	0	0	0	0	NA	0	0	0	0	0	0	0	0	0	0	0	1	0	0	0	NA	0	0	0	0	0	0	0	0	0	0	0	0	0	0	0	0	0	0	0	NA	0	0	0	0	0	0	0	0	0	0	0	0	0	0	0	0	0	0	0	0
CTCF_hotspot_mutation_count	0	0	0	0	0	0	0	0	0	0	0	0	1	0	0	0	0	0	0	0	0	0	0	0	0	1	0	0	0	0	0	NA	0	0	0	1	0	0	0	0	0	1	0	0	0	0	NA	1	0	0	NA	0	0	0	0	1	0	0	0	0	0	0	0	0	0	0	0	0	0	0	0	NA	0	0	0	0	NA	0	0	0	1	0	0	0	0	0	0	0	NA	0	0	0	0	0	NA	0	0	0	0	0	0	0	0	0	0	0	0	0	0	0	NA	0	0	0	0	0	0	0	0	0	0	0	0	0	0	0	0	0	0	0	NA	0	0	0	0	0	0	0	0	0	0	0	0	0	0	0	0	0	0	0	0
XPO1_hotspot_mutation_count	0	0	0	0	0	0	0	0	0	0	0	0	0	0	0	0	0	0	0	0	0	0	0	0	0	0	0	0	0	0	0	NA	0	0	0	0	0	0	0	0	0	0	0	0	0	0	NA	0	0	0	NA	0	0	0	0	0	0	0	0	0	0	0	0	0	0	0	0	0	1	0	0	NA	0	0	0	0	NA	0	0	0	0	0	0	0	0	0	0	0	NA	0	0	0	0	0	NA	0	0	0	0	0	0	0	0	0	0	0	0	0	0	0	NA	0	0	0	0	0	0	0	0	0	0	0	0	0	0	0	0	0	0	0	NA	0	0	0	0	0	0	0	0	0	0	0	0	0	0	0	0	0	0	0	0
RAC1_hotspot_mutation_count	0	0	0	0	0	0	0	0	0	0	0	0	0	1	0	0	0	0	0	0	0	0	0	0	0	0	0	0	1	0	0	NA	0	0	0	0	1	0	0	0	0	0	0	0	0	0	NA	0	0	0	NA	0	0	0	1	0	0	0	0	0	0	0	0	0	0	0	0	0	0	0	0	NA	0	0	1	0	NA	0	0	0	0	0	0	0	0	0	0	0	NA	0	1	0	0	0	NA	0	0	0	0	0	0	0	0	0	0	0	0	0	0	0	NA	0	0	0	0	0	0	0	0	0	0	0	0	0	0	0	0	0	0	0	NA	0	0	0	0	0	0	0	0	0	0	0	0	0	0	0	0	0	0	0	0
FAT4_hotspot_mutation_count	0	0	0	0	0	0	0	0	0	0	0	0	0	0	0	0	0	0	0	0	0	0	0	0	0	0	0	0	0	0	0	NA	0	0	0	0	0	0	0	0	0	0	0	0	0	0	NA	0	0	0	NA	0	0	0	0	0	0	0	0	0	0	0	0	0	0	0	0	0	0	0	0	NA	0	0	0	0	NA	0	0	0	0	0	0	0	0	0	0	0	NA	0	0	0	0	0	NA	0	0	0	0	0	0	0	0	0	0	0	0	0	0	0	NA	0	0	0	0	0	0	0	0	0	0	0	0	0	0	0	0	0	0	0	NA	1	0	0	0	0	0	0	0	0	0	0	0	0	0	0	0	0	0	0	0
CUX1_hotspot_mutation_count	0	0	0	0	0	0	0	0	1	0	0	0	1	0	0	0	1	0	0	0	0	0	0	0	0	0	0	0	0	0	0	NA	0	0	0	0	0	0	0	0	0	0	0	0	0	0	NA	0	0	0	NA	0	0	0	0	0	0	0	0	0	0	0	0	0	0	0	0	0	0	0	0	NA	0	0	0	0	NA	0	0	0	0	0	0	0	0	0	0	0	NA	0	0	0	0	0	NA	0	0	0	0	0	0	0	0	0	0	0	0	0	0	0	NA	0	0	0	0	0	0	0	0	0	0	0	0	0	0	0	0	0	0	0	NA	0	0	0	0	0	0	0	0	0	0	0	0	0	0	0	0	0	0	0	0
RNF43_hotspot_mutation_count	0	0	0	0	0	0	0	0	0	0	0	0	0	0	0	0	0	0	0	0	0	0	0	0	0	0	0	0	0	0	0	NA	0	0	0	0	0	1	0	0	0	0	0	0	0	0	NA	0	0	0	NA	0	0	0	0	0	0	0	0	0	0	0	0	0	0	0	0	0	0	0	0	NA	0	0	0	0	NA	0	0	0	0	0	0	0	0	0	0	0	NA	0	0	0	0	0	NA	0	0	0	0	0	0	0	0	0	0	0	0	0	0	0	NA	0	0	0	0	0	0	0	0	0	0	0	0	0	0	0	0	0	0	0	NA	0	0	0	0	0	0	0	0	0	0	0	0	0	0	0	0	0	0	0	0
EP300_hotspot_mutation_count	0	0	0	0	0	0	0	0	0	0	0	0	0	0	0	0	0	0	0	0	0	0	0	0	0	0	0	0	0	0	0	NA	0	0	0	0	0	0	0	0	0	0	0	0	0	0	NA	0	0	0	NA	0	0	0	0	0	0	0	0	0	0	0	0	0	0	0	0	0	0	0	0	NA	0	0	0	0	NA	0	0	0	0	0	0	0	0	0	1	0	NA	0	0	0	0	1	NA	0	0	0	0	0	0	0	0	0	0	0	0	0	0	0	NA	0	0	0	1	0	0	0	0	0	0	0	0	0	0	0	0	0	0	0	NA	0	0	0	0	0	0	0	0	0	0	0	0	0	0	0	0	0	0	0	0
PTPRT_hotspot_mutation_count	0	0	0	0	0	0	0	0	0	0	0	0	0	0	0	0	1	0	0	0	0	0	0	0	0	0	0	0	0	0	0	NA	0	0	0	0	0	0	1	0	0	0	0	0	0	0	NA	0	0	0	NA	0	0	0	0	0	0	0	0	0	0	0	0	0	0	0	0	0	0	0	0	NA	1	0	0	0	NA	0	0	0	0	0	0	0	0	0	0	0	NA	0	0	0	0	0	NA	0	0	0	0	0	0	0	0	0	0	0	0	0	0	0	NA	0	0	0	0	0	0	0	0	0	0	0	0	0	0	0	0	0	0	0	NA	0	0	0	0	0	0	0	0	0	0	0	0	0	0	0	0	0	0	0	0
FGFR2_hotspot_mutation_count	0	0	0	0	0	0	0	0	0	0	0	0	0	0	0	0	0	0	0	0	0	0	0	0	0	0	0	0	0	0	0	NA	0	0	0	0	0	0	0	0	0	0	0	0	0	0	NA	0	0	0	NA	0	0	0	0	0	0	0	0	0	0	0	0	0	0	0	0	0	0	0	0	NA	0	0	0	0	NA	0	0	0	0	0	0	0	0	0	0	0	NA	0	0	0	0	0	NA	0	0	0	0	0	0	0	0	0	0	0	0	0	0	0	NA	0	0	0	0	0	0	0	0	0	0	0	0	0	0	0	0	0	0	0	NA	0	0	0	0	0	0	0	0	0	0	0	0	0	0	0	0	0	0	0	1
TP63_hotspot_mutation_count	0	0	0	0	0	0	0	0	0	0	0	0	0	0	0	0	0	0	0	0	0	0	0	0	0	0	0	0	0	0	1	NA	0	0	0	0	0	0	0	1	0	0	0	0	1	0	NA	0	0	0	NA	0	0	0	0	0	0	0	0	0	0	0	0	0	0	0	0	0	0	0	0	NA	0	0	0	0	NA	0	0	0	0	0	0	0	0	0	0	0	NA	0	0	0	0	0	NA	0	0	0	0	0	0	0	0	0	0	0	0	0	0	0	NA	0	0	0	0	0	0	0	0	0	0	0	0	0	0	0	0	0	0	0	NA	0	0	0	0	0	0	0	0	0	0	0	0	0	0	0	0	0	0	0	0
CIC_hotspot_mutation_count	0	0	0	0	1	0	0	0	0	0	0	0	0	0	0	0	2	0	0	0	0	0	0	0	0	0	0	0	0	0	0	NA	0	0	0	0	0	0	0	0	0	0	0	0	0	0	NA	0	0	0	NA	0	0	0	0	0	0	0	1	0	0	0	0	0	0	0	1	0	0	0	0	NA	0	0	0	0	NA	0	0	0	0	0	0	0	0	0	0	0	NA	0	1	0	0	0	NA	0	0	0	0	0	0	0	0	0	0	0	0	0	0	0	NA	0	0	0	0	0	0	0	0	0	0	1	0	0	0	0	0	0	0	0	NA	0	0	0	0	0	0	0	0	0	0	0	0	0	0	0	0	0	0	0	0
NF2_hotspot_mutation_count	0	0	0	0	0	0	0	0	0	0	0	0	0	0	0	0	0	0	0	0	0	0	0	0	0	0	0	0	0	0	0	NA	0	0	0	0	0	0	1	0	0	0	0	0	0	0	NA	0	0	0	NA	0	0	0	0	0	0	0	0	0	0	0	0	0	0	0	0	0	0	0	0	NA	0	0	0	0	NA	1	0	0	0	0	0	0	0	0	0	0	NA	0	0	0	0	0	NA	0	0	0	0	0	0	0	0	0	0	0	0	0	0	0	NA	0	0	0	0	0	0	0	0	0	0	0	0	0	0	1	0	0	0	0	NA	0	0	0	0	0	0	0	0	0	0	0	0	0	1	0	0	0	0	0	0
ASXL1_hotspot_mutation_count	0	0	0	0	0	0	0	0	0	0	0	0	0	0	0	0	0	0	0	0	0	0	0	0	0	0	0	0	0	0	0	NA	0	0	0	0	0	0	0	0	0	0	0	0	0	0	NA	1	0	0	NA	0	0	0	0	0	0	0	0	0	1	0	0	0	0	0	0	0	0	0	0	NA	0	0	0	0	NA	0	0	0	0	0	0	0	0	0	0	0	NA	0	0	0	0	0	NA	0	0	0	0	0	0	0	0	0	0	0	0	0	0	0	NA	0	0	0	0	0	0	0	0	0	0	0	0	0	0	0	0	0	0	0	NA	0	0	0	0	0	0	0	0	0	0	0	0	0	0	0	0	0	0	0	0
MAP2K4_hotspot_mutation_count	0	0	0	0	0	0	0	0	0	0	0	0	0	0	0	0	0	0	0	0	0	0	0	0	0	0	0	0	0	0	0	NA	0	0	0	0	0	0	0	0	0	0	0	0	0	0	NA	0	0	0	NA	0	0	0	1	0	0	0	0	0	0	0	0	0	0	0	0	0	0	0	0	NA	0	0	0	0	NA	0	0	0	0	0	0	0	0	0	0	0	NA	0	0	0	0	0	NA	0	0	0	0	0	0	0	0	0	0	0	0	0	0	0	NA	0	0	0	0	0	0	0	0	0	0	0	0	0	0	0	0	0	0	0	NA	0	0	0	0	0	1	0	0	0	0	0	0	0	1	0	0	0	0	0	0
APC_hotspot_mutation_count	0	0	0	0	0	0	0	0	0	0	0	0	0	0	0	0	0	0	0	0	0	0	0	0	0	0	0	0	0	0	1	NA	0	0	1	1	0	1	2	0	0	0	0	0	0	0	NA	0	0	0	NA	0	0	0	0	0	0	0	0	0	0	0	0	0	0	0	0	0	0	0	0	NA	0	0	1	0	NA	1	0	0	0	0	0	0	1	0	0	0	NA	0	0	0	0	0	NA	0	0	0	0	0	0	0	0	0	0	0	0	0	0	0	NA	0	0	0	0	0	0	0	0	0	0	0	1	0	0	0	0	0	0	0	NA	0	0	0	0	0	0	0	0	0	0	0	0	0	0	1	0	0	0	0	0
SMAD2_hotspot_mutation_count	0	0	0	0	0	0	0	0	0	0	0	0	0	0	0	0	0	0	0	0	0	0	0	0	0	0	0	0	0	0	0	NA	0	0	0	0	0	1	0	0	0	0	0	0	0	0	NA	0	0	0	NA	0	0	0	0	0	0	0	0	0	0	0	0	0	0	0	0	0	0	0	0	NA	0	0	0	0	NA	0	0	0	0	0	0	0	0	0	0	0	NA	0	0	0	0	0	NA	0	0	0	0	0	0	0	0	0	0	0	0	0	0	0	NA	0	0	0	0	0	0	0	0	0	0	0	0	0	0	0	0	0	0	0	NA	0	0	0	0	0	0	0	0	0	0	0	0	0	0	0	0	0	0	0	0
MTOR_hotspot_mutation_count	0	0	0	0	0	0	0	0	0	0	0	0	0	0	0	0	0	0	0	0	0	0	0	0	0	0	0	0	0	0	0	NA	0	0	0	0	0	0	0	0	0	1	0	0	0	0	NA	0	0	0	NA	0	0	0	1	0	0	0	0	0	0	0	0	0	0	0	0	0	0	0	0	NA	0	0	0	0	NA	0	0	0	0	0	0	0	0	0	0	0	NA	0	0	0	0	0	NA	0	0	0	0	0	0	0	0	0	0	0	0	0	0	0	NA	0	0	0	0	0	0	0	0	0	0	0	0	0	0	0	0	0	0	0	NA	0	0	0	0	0	0	0	0	0	0	0	0	0	0	0	0	0	0	0	0
KDM6A_hotspot_mutation_count	0	0	0	0	0	0	0	0	0	0	0	0	0	0	0	0	0	0	0	0	0	0	0	0	0	1	1	0	0	0	0	NA	0	0	0	0	0	0	0	0	0	0	0	0	0	0	NA	0	0	0	NA	0	0	0	0	0	0	0	0	0	0	0	0	0	0	0	0	0	0	0	0	NA	0	0	0	0	NA	0	0	0	0	0	0	0	0	0	0	0	NA	0	0	0	0	0	NA	0	0	0	1	0	0	0	0	0	0	0	0	0	0	0	NA	0	0	0	0	0	0	0	0	0	0	0	0	0	0	0	0	0	0	0	NA	0	0	0	0	0	0	0	0	0	0	0	0	0	0	0	0	0	0	0	0
KMT2C_hotspot_mutation_count	0	0	0	0	0	0	0	0	0	0	1	0	0	0	0	0	0	0	0	0	0	1	1	0	0	1	0	0	0	1	1	NA	0	0	1	1	0	1	2	0	0	1	0	0	0	1	NA	0	0	0	NA	0	0	1	0	1	0	0	1	0	0	0	0	0	0	0	0	0	0	0	0	NA	0	0	1	0	NA	0	0	0	2	0	0	0	0	1	1	0	NA	0	0	0	2	0	NA	0	0	1	1	0	0	0	0	0	1	1	2	1	0	0	NA	0	0	0	1	1	1	0	0	0	0	1	0	0	1	0	0	1	0	0	NA	1	0	0	1	0	1	0	1	0	0	0	0	1	0	0	0	1	0	0	0
ERBB4_hotspot_mutation_count	0	0	0	0	0	0	0	0	0	0	0	0	0	0	0	0	0	0	0	0	0	0	0	0	0	0	0	0	0	0	0	NA	0	0	0	0	0	1	0	0	0	0	0	0	0	0	NA	0	0	0	NA	0	0	0	0	0	0	0	0	0	0	0	0	0	0	0	0	0	0	0	0	NA	0	0	0	0	NA	0	0	0	0	0	0	0	0	0	0	0	NA	0	0	0	0	0	NA	0	0	0	0	0	0	0	0	0	0	0	0	0	0	0	NA	0	0	0	0	0	0	0	0	0	0	0	0	0	0	0	0	0	0	0	NA	0	0	0	0	0	0	0	0	0	0	0	0	0	0	0	0	0	0	0	0
PREX2_hotspot_mutation_count	0	0	0	0	0	0	0	0	0	0	0	0	0	0	0	0	0	0	0	0	0	0	0	0	0	0	0	0	0	0	0	NA	0	0	0	0	0	0	0	0	0	0	0	0	0	0	NA	0	0	0	NA	1	0	0	0	0	0	0	0	0	0	0	0	0	0	0	0	0	1	1	0	NA	0	0	0	0	NA	0	0	0	0	0	0	0	0	1	1	0	NA	0	0	0	0	0	NA	0	0	0	0	0	0	0	0	0	0	0	0	0	0	0	NA	0	0	0	0	0	0	0	0	0	0	0	0	0	0	0	0	0	0	0	NA	0	0	0	0	0	0	0	0	0	0	0	0	0	0	0	0	0	0	0	0
PIK3R1_hotspot_mutation_count	0	0	0	0	0	0	0	0	0	0	0	0	1	1	0	0	0	0	0	0	0	1	0	0	0	0	0	0	0	0	0	NA	0	0	0	1	0	1	0	0	0	1	0	0	1	0	NA	0	1	0	NA	0	0	0	0	0	0	0	0	0	0	0	0	0	0	0	0	0	0	0	0	NA	0	0	1	0	NA	0	0	0	1	0	0	1	1	0	0	1	NA	0	0	0	0	0	NA	1	0	0	0	0	0	0	0	0	0	0	0	0	0	0	NA	0	0	0	0	0	0	0	0	0	0	0	0	0	0	0	0	0	0	0	NA	0	0	0	0	0	0	0	0	0	0	0	0	0	0	0	0	0	0	0	0
FAT1_hotspot_mutation_count	0	0	0	0	0	0	0	0	0	0	0	0	0	0	0	0	0	0	0	0	0	0	1	0	0	0	0	0	0	0	0	NA	0	0	0	0	0	0	0	0	0	0	0	0	0	0	NA	0	0	0	NA	0	0	0	0	0	0	0	0	0	0	0	0	0	0	0	0	0	0	0	0	NA	0	0	0	0	NA	0	0	0	0	0	0	0	0	0	0	0	NA	0	0	0	0	0	NA	0	0	0	0	0	0	0	0	0	0	0	0	0	0	0	NA	0	0	0	0	0	0	0	0	0	0	0	0	0	0	0	0	0	0	0	NA	0	0	0	0	0	0	0	0	0	0	0	0	0	0	0	0	0	0	0	0
PRDM1_hotspot_mutation_count	0	0	0	0	0	0	0	0	0	0	0	0	0	0	0	0	0	0	0	0	0	0	0	0	0	0	0	0	0	0	0	NA	0	0	0	0	0	0	0	0	0	0	0	0	0	0	NA	0	0	0	NA	0	0	0	0	0	0	0	0	0	1	0	0	0	0	0	0	0	0	0	0	NA	0	0	1	0	NA	0	0	0	0	0	0	0	0	0	0	0	NA	0	0	0	0	0	NA	0	0	0	0	0	0	0	0	0	0	0	0	0	0	0	NA	0	0	0	0	0	0	0	0	0	0	0	0	0	0	0	0	0	0	0	NA	0	0	0	0	0	0	0	0	0	0	0	0	0	0	0	0	0	0	0	0
PPM1D_hotspot_mutation_count	0	0	0	0	0	0	0	0	0	0	0	0	0	0	0	0	0	0	0	0	0	0	0	0	0	0	0	0	0	0	0	NA	0	0	0	0	0	0	0	0	0	0	0	0	0	0	NA	0	0	0	NA	0	0	0	0	0	0	0	0	0	0	0	0	0	0	0	0	0	0	0	0	NA	0	0	0	0	NA	0	0	0	1	0	0	0	0	0	0	0	NA	0	0	0	0	0	NA	0	0	0	0	0	0	0	0	0	0	0	0	0	0	0	NA	0	0	0	0	0	0	0	0	0	0	0	0	0	0	0	0	0	0	0	NA	0	0	0	0	0	0	0	0	0	0	0	0	0	0	0	0	0	0	0	0
EPAS1_hotspot_mutation_count	0	0	0	0	0	0	0	0	0	0	0	0	0	0	0	0	0	0	0	0	0	0	0	0	0	0	0	0	0	0	0	NA	0	0	0	0	0	0	0	0	0	0	0	0	0	0	NA	1	0	0	NA	0	0	0	0	0	0	0	0	0	0	0	0	0	0	0	0	0	0	0	0	NA	0	0	0	0	NA	0	0	0	0	0	0	0	0	0	0	0	NA	0	0	0	0	0	NA	0	0	0	0	0	0	0	0	0	0	0	0	0	0	0	NA	0	0	0	0	0	0	0	0	0	0	0	0	0	0	0	0	0	0	0	NA	0	0	0	0	0	0	0	0	0	0	0	0	0	0	0	0	0	0	0	0
PBRM1_hotspot_mutation_count	0	0	0	0	0	0	0	0	0	0	0	0	0	0	0	0	0	0	0	0	0	0	0	0	0	0	0	0	0	0	1	NA	0	0	0	0	0	2	0	0	0	0	0	0	0	0	NA	0	0	0	NA	0	0	0	0	1	0	0	0	0	1	0	0	0	0	0	0	0	0	0	0	NA	0	0	0	0	NA	0	0	0	0	0	0	0	0	0	0	0	NA	0	0	0	0	0	NA	0	0	0	0	0	0	0	0	0	1	0	0	0	0	0	NA	0	1	0	0	0	0	0	0	0	0	0	0	0	0	0	0	0	0	0	NA	0	0	0	0	0	0	0	0	0	0	0	0	0	0	0	0	0	0	0	0
MED12_hotspot_mutation_count	0	0	0	0	0	0	0	0	0	0	0	0	0	0	0	0	0	0	0	0	0	0	0	0	0	0	0	0	0	0	0	NA	0	0	0	0	0	0	0	0	0	0	0	0	0	0	NA	0	0	0	NA	0	0	0	0	0	0	0	0	0	0	0	0	0	0	0	0	0	0	0	0	NA	0	0	0	0	NA	0	0	0	0	0	0	0	0	0	0	0	NA	0	0	0	0	1	NA	0	0	0	0	0	0	0	0	0	0	0	0	0	0	0	NA	0	0	0	0	0	0	0	0	0	0	0	0	0	0	0	0	0	0	0	NA	0	0	0	0	0	0	0	0	0	0	0	0	0	0	0	0	0	0	0	0
ARID1A_hotspot_mutation_count	0	0	0	0	0	1	1	0	0	0	1	0	1	0	0	0	1	0	0	0	0	0	0	0	0	1	1	0	0	1	0	NA	0	2	0	0	0	1	0	0	0	2	1	0	0	0	NA	0	0	1	NA	1	0	1	0	0	0	0	0	0	0	1	0	0	0	0	1	0	0	0	0	NA	0	1	0	1	NA	0	1	0	1	0	0	0	0	0	0	0	NA	0	0	0	1	0	NA	0	0	0	0	0	0	0	0	0	0	0	0	0	0	0	NA	0	0	0	0	0	0	0	0	0	1	0	0	0	0	0	0	0	0	0	NA	0	0	0	0	0	0	0	0	0	0	0	0	0	0	0	0	0	0	0	0
PPP2R1A_hotspot_mutation_count	0	0	0	0	0	0	0	0	0	0	0	0	0	0	0	0	0	0	0	0	0	0	0	0	0	0	0	0	0	0	0	NA	0	0	0	1	0	1	0	0	0	0	0	0	0	0	NA	0	0	0	NA	0	0	0	0	0	0	0	0	0	0	0	0	0	0	0	0	0	0	0	0	NA	0	0	0	0	NA	0	0	0	0	0	0	0	0	0	0	0	NA	0	0	0	0	1	NA	0	0	0	0	0	0	0	0	0	0	0	0	0	0	0	NA	0	0	0	0	0	0	0	0	0	0	0	0	0	0	0	0	0	0	0	NA	0	0	0	0	0	0	0	0	0	0	0	0	0	0	0	0	0	0	0	0
CREBBP_hotspot_mutation_count	0	0	0	0	1	0	0	0	0	1	0	0	0	0	0	0	0	0	0	0	0	0	0	0	0	1	1	0	0	0	0	NA	0	0	0	0	0	0	0	0	0	0	0	0	0	0	NA	0	0	0	NA	0	0	0	1	0	1	0	0	0	1	0	0	0	0	0	0	0	0	0	0	NA	0	0	0	0	NA	0	0	0	1	0	0	0	1	0	0	0	NA	0	0	0	0	0	NA	0	0	0	0	0	0	0	0	0	0	0	0	0	0	0	NA	1	0	0	0	0	0	0	0	0	0	0	0	0	0	0	0	0	0	0	NA	0	0	0	0	0	0	0	0	0	0	0	0	0	0	0	0	0	0	0	0
CTNNB1_hotspot_mutation_count	0	0	1	0	0	0	0	0	0	0	0	0	0	1	0	0	0	0	0	0	0	1	0	1	0	0	0	0	1	0	1	NA	0	0	0	0	0	0	0	0	0	1	0	0	0	0	NA	0	0	0	NA	1	0	0	2	0	0	0	0	0	2	1	1	1	0	0	1	0	0	0	0	NA	0	1	0	0	NA	0	0	0	0	0	0	0	2	0	0	0	NA	0	0	1	0	0	NA	0	0	0	0	0	0	0	0	0	0	0	0	0	0	0	NA	0	0	0	0	0	0	1	0	0	0	0	0	0	0	0	0	0	0	0	NA	0	0	0	0	0	0	0	0	0	0	0	0	0	0	0	0	0	0	0	0
DNMT3A_hotspot_mutation_count	0	0	0	0	0	0	0	0	0	0	0	0	0	0	0	0	0	0	0	0	0	0	0	0	0	0	0	0	0	0	0	NA	0	0	0	0	0	0	0	0	0	0	0	0	0	0	NA	0	0	0	NA	0	0	0	0	0	0	0	0	0	0	0	0	0	0	0	0	0	0	0	0	NA	1	0	0	0	NA	0	0	0	0	0	0	0	0	0	0	0	NA	0	0	0	0	0	NA	0	0	0	0	0	0	0	0	0	0	0	0	0	0	0	NA	0	0	0	0	0	0	0	0	0	0	0	0	0	0	0	0	0	0	0	NA	0	0	0	0	0	0	0	0	0	0	0	0	0	0	0	0	0	0	0	0
PDGFRA_hotspot_mutation_count	0	0	0	0	0	0	0	0	0	0	0	0	0	0	0	0	0	0	0	0	0	0	0	0	0	0	0	0	0	0	0	NA	0	0	0	0	0	0	0	0	0	0	0	0	0	0	NA	0	0	1	NA	0	0	0	0	0	0	0	0	0	0	0	0	0	0	0	0	0	0	0	0	NA	0	0	0	0	NA	0	0	0	0	0	0	0	0	0	0	0	NA	0	0	0	0	0	NA	0	0	0	0	0	0	0	0	0	0	0	0	0	0	0	NA	0	0	0	0	0	0	0	0	0	0	0	0	0	0	0	0	0	0	0	NA	0	0	0	0	0	0	0	0	0	0	0	0	0	0	0	0	0	0	0	0
NF1_hotspot_mutation_count	0	0	1	0	0	0	0	0	0	0	0	0	1	0	0	0	0	0	0	0	0	0	0	0	0	0	0	0	0	0	1	NA	0	1	0	0	1	1	0	1	0	0	0	0	0	0	NA	0	0	0	NA	0	0	0	0	0	0	0	0	0	0	0	0	0	0	0	0	0	0	0	0	NA	0	1	0	0	NA	0	0	0	0	0	0	0	0	0	1	0	NA	0	0	0	0	1	NA	0	0	0	0	0	0	0	0	0	0	1	0	0	0	0	NA	0	0	0	0	0	0	0	0	0	0	0	0	0	0	0	0	0	0	0	NA	0	0	0	0	0	0	0	0	0	0	0	0	0	0	0	0	0	0	0	0
NCOR1_hotspot_mutation_count	0	0	0	0	0	0	0	0	0	1	0	0	0	0	0	0	0	0	0	0	0	0	0	0	0	0	0	0	0	0	0	NA	0	0	0	0	0	0	0	0	0	0	0	0	0	0	NA	0	0	0	NA	0	0	0	0	0	0	0	0	0	0	0	0	0	0	0	0	0	0	0	0	NA	0	0	0	0	NA	0	0	0	0	0	0	0	0	0	1	0	NA	0	0	0	0	0	NA	0	0	0	0	0	1	0	0	0	0	0	0	0	0	0	NA	0	0	0	0	0	0	0	0	0	0	0	0	0	0	0	0	0	0	0	NA	0	0	0	0	0	0	0	0	0	0	0	0	0	0	0	0	0	0	0	0
STAG2_hotspot_mutation_count	0	0	0	0	0	0	0	0	0	0	0	0	0	0	0	1	1	0	0	0	0	0	0	0	0	0	0	0	0	0	0	NA	0	0	0	0	0	1	0	0	0	0	0	0	0	0	NA	0	0	0	NA	1	0	0	0	0	0	0	0	0	0	0	0	0	0	0	0	0	0	0	0	NA	0	0	1	0	NA	0	0	0	0	0	0	0	0	0	0	0	NA	0	1	0	0	0	NA	0	0	0	0	0	0	0	0	0	0	0	0	0	0	0	NA	0	0	0	0	0	0	0	0	0	0	0	0	0	0	0	0	0	0	0	NA	0	0	0	0	0	0	0	0	1	0	0	0	0	0	0	0	0	1	0	1
SMAD4_hotspot_mutation_count	0	0	0	0	0	0	0	0	0	0	0	0	0	0	0	0	0	0	0	0	0	0	0	0	0	0	0	0	0	0	0	NA	0	0	0	0	0	0	0	0	1	0	0	0	0	0	NA	0	0	0	NA	0	0	0	0	0	0	0	0	0	0	0	0	0	0	0	0	0	0	0	0	NA	0	0	0	0	NA	0	0	0	0	0	0	0	0	0	0	0	NA	0	0	0	0	0	NA	0	0	0	0	0	1	0	0	0	0	0	0	0	0	0	NA	0	0	0	0	0	0	0	0	0	0	0	0	0	0	0	0	0	0	0	NA	0	0	0	0	0	0	0	0	0	0	0	0	0	0	0	0	0	0	0	0
PTPN13_hotspot_mutation_count	0	0	0	0	0	0	0	0	0	0	0	0	0	0	0	0	0	0	0	0	0	0	0	0	0	0	1	0	0	0	0	NA	0	0	0	0	0	0	0	0	0	0	0	0	0	0	NA	0	0	0	NA	0	0	0	0	0	0	0	0	0	0	0	0	0	0	0	0	0	0	0	0	NA	0	0	0	0	NA	0	0	0	0	0	0	0	0	0	0	0	NA	0	0	0	0	0	NA	0	0	0	0	0	0	0	0	0	0	0	0	0	0	0	NA	0	0	0	0	0	0	0	0	0	0	0	0	0	0	0	0	0	0	0	NA	0	0	0	0	0	0	0	0	0	0	0	0	0	0	0	0	0	0	0	0
FUBP1_hotspot_mutation_count	0	0	0	0	0	0	0	0	0	1	0	0	0	0	0	0	0	0	0	0	0	0	0	0	0	1	0	0	0	0	0	NA	0	0	0	0	1	1	0	0	0	0	0	0	0	0	NA	0	0	0	NA	0	0	0	1	0	0	0	0	0	0	0	0	0	0	0	0	0	0	0	0	NA	0	0	0	0	NA	0	0	0	0	0	0	0	0	1	0	0	NA	0	0	0	0	0	NA	0	0	0	0	0	0	0	0	0	0	0	0	0	0	0	NA	0	0	0	0	0	0	0	0	0	0	0	0	0	0	0	0	0	0	0	NA	0	0	0	0	0	0	0	0	0	0	0	0	0	0	0	0	0	0	0	0
SETD2_hotspot_mutation_count	1	0	0	0	0	0	1	0	0	0	1	0	0	0	0	0	0	0	0	0	0	0	0	0	0	0	0	0	0	0	0	NA	0	0	0	1	0	0	0	0	0	0	0	0	0	0	NA	0	0	0	NA	0	0	0	0	0	0	0	0	0	0	0	0	0	0	0	0	0	0	0	0	NA	0	0	0	0	NA	0	0	0	0	0	1	0	0	0	0	1	NA	0	0	0	0	0	NA	0	0	0	0	0	0	0	0	0	0	0	0	0	0	0	NA	0	0	0	0	0	0	0	0	0	0	0	0	0	0	0	0	1	0	0	NA	0	0	0	0	0	0	0	0	0	0	0	0	0	0	0	1	0	0	0	0
KRAS_hotspot_mutation_count	0	0	0	0	0	0	0	0	0	0	0	0	0	0	0	0	0	0	0	0	0	0	0	0	0	0	0	0	0	0	0	NA	0	0	0	0	0	0	0	0	0	0	0	0	0	0	NA	0	0	0	NA	0	0	0	0	0	0	0	0	0	0	0	0	0	0	0	0	0	0	0	0	NA	0	0	0	0	NA	0	0	0	0	0	0	0	0	0	0	0	NA	0	0	0	0	0	NA	0	0	0	1	0	0	0	0	0	0	0	0	0	0	0	NA	0	0	0	0	0	0	0	0	0	0	0	0	0	0	0	0	0	0	0	NA	0	0	0	0	0	0	0	0	0	0	0	0	0	0	0	0	0	0	0	0
PMS2_hotspot_mutation_count	0	0	0	0	0	0	0	0	0	0	0	0	0	0	0	0	0	0	0	0	0	0	0	0	0	0	0	0	0	0	0	NA	0	0	0	0	0	0	0	0	0	0	0	0	0	0	NA	0	0	0	NA	0	0	0	0	0	0	0	0	0	0	0	0	0	0	0	0	0	0	0	0	NA	0	0	0	0	NA	0	0	0	0	0	0	0	0	0	0	0	NA	0	0	0	0	0	NA	0	0	0	0	0	0	0	0	0	0	0	0	0	0	0	NA	0	0	0	0	0	0	0	0	0	1	0	0	0	0	0	0	0	0	0	NA	0	0	0	0	0	0	0	0	0	0	0	0	0	0	0	0	0	0	0	0
